#religions;;;;;;;;;;;;;;
catholic;Catholic;Catholiques;Katholisch;;;;;;;;;;;
protestant;Protestant;Protestants;Protestantisch;;;;;;;;;;;
mormon;Mormon;Mormon;Mormon;;;;;;;;;;;
orthodox;Orthodox;Orthodoxes;Orthodox;;;;;;;;;;;
taiping;Taiping Christian;Christianisme Taiping;Taiping Christen;;;;;;;;;;;
assyrian;Nestorian;Nestoriane;Nestorianer;;;;;;;;;;;
coptic;Coptic;Copte;Koptisch;;;;;;;;;;;
armenian;Apostolic;Apostolique;Apostolisch;;;;;;;;;;;
sunni;Sunni;Sunnites;Sunni;;;;;;;;;;;
ibadi;Ibadi;Ibadi;Ibadi;;;;;;;;;;;
shiite;Shiite;Chiites;Schiitisch;;;;;;;;;;;
zoroastrian;Zoroastrian;Zoroastriane;Zoroastrisch;;;;;;;;;;;
jewish;Jewish;Juifs;J�disch;;;;;;;;;;;
mahayana;Mahayana;Mahayana;Mahayana;;;;;;;;;;;
gelugpa;Vajrayana;Vajrayana;Vajrayana;;;;;;;;;;;
theravada;Theravada;Theravada;Theravada;;;;;;;;;;;
hindu;Hindu;Hindous;Hindu;;;;;;;;;;;
shinto;Shinbutsu;Shinbutsu;Shinbutsu;;;;;;;;;;;
sikh;Sikh;Sikhs;Sikh;;;;;;;;;;;
jain;Jain;Jain;Jain;;;;;;;;;;;
animist;Animist;Animistes;Animistisch;;;;;;;;;;;
inti;Inti;Inti;Inti;;;;;;;;;;;
fetishist;African;Africaine;Afrikanisch;;;;;;;;;;;
romuva;Romuva;Romuva;Romuwa;;;;;;;;;;;
tengri;Tengri;Tengri;Tengri;;;;;;;;;;;
